issue	items	kind	state	manager	depends_on	release_condition	evidence_ref	checked_sha
1943	W1-W5; both acceptance scenarios	WIRING	READY	M-KERNEL	[]	Server admission and role transition invoke the existing policy; prior context is revoked; scoped compile passes; behavioral acceptance remains separately pending	https://github.com/UnknownAlienHuman/eliot-memory-os/issues/1943;https://github.com/UnknownAlienHuman/eliot-memory-os/blob/b7e9e334569639a6290baeacf82bf44941def506/crates/kernel/eliot-ipc/src/session_lifecycle.rs	b7e9e334569639a6290baeacf82bf44941def506
2691	W5; W7; A6 source obligations	WIRING	READY	M-STORE	[]	A supervised store-owner idle path drives bounded expiry and exposes bounded high-water/remaining-budget diagnostics; scoped compile passes; behavioral acceptance remains pending	https://github.com/UnknownAlienHuman/eliot-memory-os/issues/2691#issuecomment-5931062575;https://github.com/UnknownAlienHuman/eliot-memory-os/blob/b7e9e334569639a6290baeacf82bf44941def506/crates/storage/eliot-store-surreal-adapter/src/backup_snapshot.rs	b7e9e334569639a6290baeacf82bf44941def506
64	remaining scalar lineage allocation	REVIEW	RECHECK	ROOT	[]	Check #1795 ownership and remove already implemented W1/W2/W4/W5/W7; do not inherit reciprocal issue-level edges	https://github.com/UnknownAlienHuman/eliot-memory-os/issues/64;STOP-BLOCK-MAP.tsv	b7e9e334569639a6290baeacf82bf44941def506
204	Kernel restart and Product Pulse	REVIEW	RECHECK	ROOT	[]	Separate #203 source dependency from the #11 live-proof obligation; do not await a second closing of #11	https://github.com/UnknownAlienHuman/eliot-memory-os/issues/204;STOP-BLOCK-MAP.tsv	b7e9e334569639a6290baeacf82bf44941def506
238	test entrypoints; package/cell integration	REVIEW	RECHECK	ROOT	[]	Preserve #1720 integration ownership; determine the actual missing Context cell owner; no blanket READY	https://github.com/UnknownAlienHuman/eliot-memory-os/issues/238;STOP-BLOCK-MAP.tsv	b7e9e334569639a6290baeacf82bf44941def506
332	R3 non-Windows layout; #2898 ingress	REVIEW	RECHECK	ROOT	[]	Resolve exact layout/environment decision separately from current ingress work; no invented path	https://github.com/UnknownAlienHuman/eliot-memory-os/issues/332;STOP-BLOCK-MAP.tsv	b7e9e334569639a6290baeacf82bf44941def506
956	backup IO residuals	REVIEW	RECHECK	ROOT	[]	Remove false exclusion of its own finite fixtures; verify actual BlobStore/purge/publication ports before code assignment	https://github.com/UnknownAlienHuman/eliot-memory-os/issues/956;STOP-BLOCK-MAP.tsv	b7e9e334569639a6290baeacf82bf44941def506
1352	live SCM proof	REVIEW	RECHECK	ROOT	[]	Do not redo the already receipted build; identify current live-proof evidence/environment, not an implementation wait on closed #11	https://github.com/UnknownAlienHuman/eliot-memory-os/issues/1352;STOP-BLOCK-MAP.tsv	b7e9e334569639a6290baeacf82bf44941def506
1678	admission/canonical/outbox production join	REVIEW	RECHECK	ROOT	[]	Read the existing admission_reservation_saga.rs before editing: async coordinator and restart recovery already exist; identify remaining producer/receipt join rather than recreate them	https://github.com/UnknownAlienHuman/eliot-memory-os/issues/1678;STOP-BLOCK-MAP.tsv;https://github.com/UnknownAlienHuman/eliot-memory-os/blob/b7e9e334569639a6290baeacf82bf44941def506/bins/eliot-kernel/src/admission_reservation_saga.rs	b7e9e334569639a6290baeacf82bf44941def506
1756	W4-W7; coverage-owner joins	REVIEW	RECHECK	ROOT	[]	Do not redo W2; keep out-of-scope competent-coverage producers separately owned	https://github.com/UnknownAlienHuman/eliot-memory-os/issues/1756;STOP-BLOCK-MAP.tsv	b7e9e334569639a6290baeacf82bf44941def506
1844	R2/R3 and A1	REVIEW	RECHECK	ROOT	[]	Separate existing diagnostic dispatch wiring from genuinely unspecified event vocabulary	https://github.com/UnknownAlienHuman/eliot-memory-os/issues/1844;STOP-BLOCK-MAP.tsv	b7e9e334569639a6290baeacf82bf44941def506
1875	historical blocked=t-	REVIEW	RECHECK	ROOT	[]	Discard the corrupt blocker cell; verify actual remaining source work and full write scope	https://github.com/UnknownAlienHuman/eliot-memory-os/issues/1875;STOP-BLOCK-MAP.tsv	b7e9e334569639a6290baeacf82bf44941def506
1876	registry evidence lookup	REVIEW	RECHECK	ROOT	[]	Discard t-; distinguish module/generation work from the capability-owner output attributed to #1773	https://github.com/UnknownAlienHuman/eliot-memory-os/issues/1876;STOP-BLOCK-MAP.tsv	b7e9e334569639a6290baeacf82bf44941def506
1937	host conformance wiring	REVIEW	RECHECK	ROOT	[]	Discard t-; verify live callers and evidence-tier semantics before assignment	https://github.com/UnknownAlienHuman/eliot-memory-os/issues/1937;STOP-BLOCK-MAP.tsv	b7e9e334569639a6290baeacf82bf44941def506
1961	Dreamer result path	REVIEW	RECHECK	ROOT	[]	Discard t-; do not redo the reported existing outcomes.record call; inspect remaining paths	https://github.com/UnknownAlienHuman/eliot-memory-os/issues/1961;STOP-BLOCK-MAP.tsv	b7e9e334569639a6290baeacf82bf44941def506
1968	normative pair and Blob generation	REVIEW	RECHECK	ROOT	[]	Repair the invalid I1.12 anchor; inspect #19/#14 boundary and preserved W1 work; no fail-open startup workaround	https://github.com/UnknownAlienHuman/eliot-memory-os/issues/1968;STOP-BLOCK-MAP.tsv	b7e9e334569639a6290baeacf82bf44941def506
1969	BlobStore capture_on_demand caller	REVIEW	RECHECK	ROOT	[]	I5.2 already permits one co-located owner; verify demand producer and #19 shared composition before assignment	https://github.com/UnknownAlienHuman/eliot-memory-os/issues/1969;STOP-BLOCK-MAP.tsv	b7e9e334569639a6290baeacf82bf44941def506
2386	owner parking and runtime evidence	REVIEW	RECHECK	ROOT	[]	Verify latest explicit owner disposition; #11 and #1955 closed is not a live implementation dependency	https://github.com/UnknownAlienHuman/eliot-memory-os/issues/2386;STOP-BLOCK-MAP.tsv	b7e9e334569639a6290baeacf82bf44941def506
2645	PhysicalRouteObservationReceipt consumer	REVIEW	RECHECK	ROOT	[]	Producer types already exist; name the missing consumer and its owner, not a new contract by default	https://github.com/UnknownAlienHuman/eliot-memory-os/issues/2645;STOP-BLOCK-MAP.tsv	b7e9e334569639a6290baeacf82bf44941def506
2705	improvement experiment executor	REVIEW	RECHECK	ROOT	[]	Testd ownership is named; identify unowned production invocation rather than request the same contract again	https://github.com/UnknownAlienHuman/eliot-memory-os/issues/2705;STOP-BLOCK-MAP.tsv	b7e9e334569639a6290baeacf82bf44941def506
2882	audit parts 4 and 5	REVIEW	RECHECK	ROOT	[]	Separate the specified typed detail projection from the unresolved part-5 owner decision	https://github.com/UnknownAlienHuman/eliot-memory-os/issues/2882;STOP-BLOCK-MAP.tsv	b7e9e334569639a6290baeacf82bf44941def506
1888	process/Job cleanup after #1884	REVIEW	RECHECK	ROOT	[]	Compare archived code against current process_job.rs; reuse the merged CPU-rate mechanism and isolate only #1888 residuals	https://github.com/UnknownAlienHuman/eliot-memory-os/issues/1888;STOP-BLOCK-MAP.tsv	b7e9e334569639a6290baeacf82bf44941def506
686	residual after #5020	REVIEW	RECHECK	ROOT	[]	Read new authority/Store call paths and retained unknown state; old pre-merge REFUTED text is not the current implementation	https://github.com/UnknownAlienHuman/eliot-memory-os/issues/686;STOP-BLOCK-MAP.tsv	b7e9e334569639a6290baeacf82bf44941def506
1115	post-merge source and acceptance	REVIEW	RECHECK	ROOT	[]	Do not reimplement #5016; verify actual residual source separately from pending acceptance	https://github.com/UnknownAlienHuman/eliot-memory-os/issues/1115;STOP-BLOCK-MAP.tsv	b7e9e334569639a6290baeacf82bf44941def506
1838	post-merge trace manifest	REVIEW	RECHECK	ROOT	[]	Do not reimplement #5015; verify current replay caller and evidence ceiling before new code	https://github.com/UnknownAlienHuman/eliot-memory-os/issues/1838;STOP-BLOCK-MAP.tsv	b7e9e334569639a6290baeacf82bf44941def506
1884	post-merge manifest lifecycle	REVIEW	RECHECK	ROOT	[]	Reuse #5019 and its applied Job limits; verify actual remaining requirements without reviving archived duplicate code	https://github.com/UnknownAlienHuman/eliot-memory-os/issues/1884;STOP-BLOCK-MAP.tsv	b7e9e334569639a6290baeacf82bf44941def506
1701	consume exact active reservation evidence	WIRING	WAIT	M-KERNEL	"[""1678:active-owner-evidence""]"	The required owner-verifiable active reservation result exists in main and the shared Kernel scope is released; do not wait for final test closure of #1678	https://github.com/UnknownAlienHuman/eliot-memory-os/issues/1678	b7e9e334569639a6290baeacf82bf44941def506
11	current Windows SystemService and D0/D1 proof	PROOF	RECHECK	ROOT	[]	Inspect current candidate-bound runtime evidence; closed issue state is neither future blocker nor proof for a new SHA	https://github.com/UnknownAlienHuman/eliot-memory-os/issues/11	b7e9e334569639a6290baeacf82bf44941def506
