issue	finding	correction	review_depth	evidence_ref
2701	Stop map understates residual as only items 3 and 6	Full existing audit 1-7 remains relevant; preserve 9. Malformed-input acceptance reproduced only on extracted current function.	SOURCE_AND_DISCUSSION	https://github.com/UnknownAlienHuman/eliot-memory-os/issues/2701#issuecomment-5963910318
1678	Missing async coordinator inherited from old map	Coordinator already exists; inspect actual producer/receipt joins before new implementation.	SOURCE_AND_DISCUSSION	https://github.com/UnknownAlienHuman/eliot-memory-os/issues/1678#issuecomment-5963622142
1701	Existing saga mistaken for a connected fabric route, or entire #1678 treated as a prerequisite	Actual production eliotd ports still return blocked errors. Bind the existing owner operations and preserve worker uncertainty; claim the additional eliotd/worker scope before scheduling, not a second saga.	SOURCE_AND_DISCUSSION	https://github.com/UnknownAlienHuman/eliot-memory-os/issues/1701#issuecomment-5964151198
2691	Missing owner-lifecycle hook called missing contract	W5 expressly owns adding the narrow supervised hook; W7 owns budget diagnostics. Preserve completed accounting fixes.	SOURCE_AND_DISCUSSION	https://github.com/UnknownAlienHuman/eliot-memory-os/issues/2691#issuecomment-5963617714
1943	Wrapper called production integration	ApplicationSession wrapper still needs authenticated server admission/transition supply.	SOURCE_AND_DISCUSSION	https://github.com/UnknownAlienHuman/eliot-memory-os/issues/1943#issuecomment-5963619581
1767	Reciprocal whole-issue wait with #2893	Keep portfolio/denominator ownership; consume #2893 exact negative evidence; coordinate common file without parent-closure barrier.	ISSUE_BODY	https://github.com/UnknownAlienHuman/eliot-memory-os/issues/1767;https://github.com/UnknownAlienHuman/eliot-memory-os/issues/2893
1229	Reciprocal whole-issue wait with #3004	Separate preparation output from compile-gate consumer and its later execution evidence.	ISSUE_BODY	https://github.com/UnknownAlienHuman/eliot-memory-os/issues/1229;https://github.com/UnknownAlienHuman/eliot-memory-os/issues/3004
8	Reciprocal whole-issue wait with #1746	Separate existing bootstrap response from real owner assembly/delivery; verify the concrete join.	ISSUE_BODY	https://github.com/UnknownAlienHuman/eliot-memory-os/issues/8;https://github.com/UnknownAlienHuman/eliot-memory-os/issues/1746
2643	Handshake nonce subjected to business digest validation; existing harness called absent	Split only the closed context-handshake identity rule from unchanged business/recovery validation. Reuse tests/Eliot.Operator.Tests; the old ten-operation/two-field table is not the whole current wire denominator.	SOURCE_AND_DISCUSSION	https://github.com/UnknownAlienHuman/eliot-memory-os/issues/2643#issuecomment-5964149245
4644	Historical missing table baseline could be scheduled again despite current repair and closure	Fresh Store already records Some(0); preserve the implementation and attributed closure evidence. No fresh behavioral run or full #758/#21 acceptance was established here.	SOURCE_AND_DISCUSSION	https://github.com/UnknownAlienHuman/eliot-memory-os/issues/4644#issuecomment-5949006584;https://github.com/UnknownAlienHuman/eliot-memory-os/blob/b7e9e334569639a6290baeacf82bf44941def506/bins/eliot-wasm-host/src/wasmtime_provider.rs#L486-L510
