issue	decision_needed	evidence_ref
196	Escalate one owner decision to the cognitive-wave integrator - reissue-or-retire the closed seven-class provider enum, and retire-or-issue MemoryContextProjectionRequest - before any worker is dispatched on #196. The denominator half is already delivered and verified.	https://github.com/UnknownAlienHuman/eliot-memory-os/issues/196;https://github.com/UnknownAlienHuman/eliot-memory-os/issues/196#issuecomment-5887003205
262	Escalate to the owner the four unmade payload decisions (ORI-03 closed residue/probe classes, MM-04 concept result type, MM-11 family envelope, structured exact-trigger field) plus the stale promote-as-r7 freeze handoff, and do not dispatch any #262 field work before OSP1.	https://github.com/UnknownAlienHuman/eliot-memory-os/issues/262;https://github.com/UnknownAlienHuman/eliot-memory-os/issues/262#issuecomment-5891246974
369	Decide who supplies the native-worker provider-runtime driver slice so #369 acceptance item A4 is either owned or descoped, and re-scope the two residuals that need contracts no doc defines. The single public owner per route role already exists and the duplicate RoutingReceipt is gone.	https://github.com/UnknownAlienHuman/eliot-memory-os/issues/369;https://github.com/UnknownAlienHuman/eliot-memory-os/issues/369#issuecomment-5931382087
448	Decide where receipt-confirmed cleanup of stranded recovery evidence may run, because that location is outside #448 declared Mutable scope and is excluded by its own no-startup-admission-or-fencing-change non-goal. AUD1 is fixable in scope; AUD2 has no in-scope unconditional caller.	https://github.com/UnknownAlienHuman/eliot-memory-os/issues/448;https://github.com/UnknownAlienHuman/eliot-memory-os/issues/448#issuecomment-5932169714;https://github.com/UnknownAlienHuman/eliot-memory-os/pull/4599
688	Escalate for an ownership ruling on where the fail-closed purge orchestration and its 15 missing protocol cases live now that crates/security/eliot-erasure is retired, before any card is dispatched. The Store-API half is intact and proven; the orchestration half has no object at all.	https://github.com/UnknownAlienHuman/eliot-memory-os/issues/688;https://github.com/UnknownAlienHuman/eliot-memory-os/issues/688#issuecomment-5931659021;https://github.com/UnknownAlienHuman/eliot-memory-os/pull/3542
706	Rule whether #835's merged retirement discharges #706's item-13/R3 deprecated-alias obligation and its item-31/34 A-10-only-value obligation, then re-scope #706 to only the two manifest re-derivations that are red. Four main-tree suites now forbid re-adding the alias.	https://github.com/UnknownAlienHuman/eliot-memory-os/issues/706;https://github.com/UnknownAlienHuman/eliot-memory-os/issues/706#issuecomment-5847353367;https://github.com/UnknownAlienHuman/eliot-memory-os/issues/835
829	Escalate one decision - how to reconcile a merged admission transaction that changed 8 .rs files with the issue own Must-not-modify Rust source/tests clause, since case 16 asserts zero Rust paths and forbids any fixture allowlist while main history cannot be rewritten. The admission itself is DONE and preserved on main; only its proof is unclosable.	https://github.com/UnknownAlienHuman/eliot-memory-os/issues/829
866	Escalate to the owner the one decision no issue and no doc makes - which issue owns Context-measurement semantics in crates/eliot-engine/src/control_plane.rs and crates/eliot-engine/src/cognition.rs - because #866 is forbidden from inventing that owner and the four consumers cannot start without it.	https://github.com/UnknownAlienHuman/eliot-memory-os/issues/866
878	Send the unowned eliot-types estimated_tokens unit/legacy-boundary decision back to the issue owner (reopen #584 or name a new contract owner) and hold #878 dispatch until that owner is named. The #866 frozen inventory exists, is fresh and says dispatch_ready, so this is not a wait on #866.	https://github.com/UnknownAlienHuman/eliot-memory-os/issues/878;https://github.com/UnknownAlienHuman/eliot-memory-os/issues/878#issuecomment-5931992012;https://github.com/UnknownAlienHuman/eliot-memory-os/issues/878#issuecomment-5910152508
897	ESCALATE: the merged delivery edits the unassigned front_door_driver.rs and pays for it with four new pub fn observe_* on the public KernelComposition type, which case C26 now positively requires, so the guard encodes the scope violation as expected. Cases C2/C10/C14/C15/C16 are source-level false proofs and are unprovable inside the assigned scope because the accept act, the byte-level read seam and the write seam all live in the unowned driver. The owner has twice declined the assignment. Separately, kernel.daemon_response_delivered is emitted in the same Ok arm as prepared while the issue body requires them independent, and neither I07-05 nor A00-03 defines which boundary owns delivered. OPTIONS (no issue or doc owns the choice): (a) name an owner for bins/eliot-kernel/src/front_door_driver.rs so the accept act, byte-level read seam and write seam stop being unowned and C2/C10/C14/C15/C16 become provable; (b) reassign the four pub fn observe_* on KernelComposition to that new owner and correct case C26 so the guard stops encoding the scope violation as expected; (c) narrow #897 acceptance to the provable subset and record the driver-dependent cases as unproven rather than source-level false proofs. SEPARATE DECISION: neither I07-05 nor A00-03 defines which boundary owns delivered, so kernel.daemon_response_delivered must either move out of the prepared Ok arm or a doc must name the owning boundary.	https://github.com/UnknownAlienHuman/eliot-memory-os/issues/897#issuecomment-5932131150;https://github.com/UnknownAlienHuman/eliot-memory-os/issues/897#issuecomment-5847842810
899	ESCALATE: both blocking defects are real on main (the receipt path classifies a Store failure by Display text after StoreError was erased upstream, and receipt_response_delivered is emitted before any transport write), and the in-scope retained-gateway contradiction is also real. Defects 1 and 2 require crates/kernel/eliot-kernel-service/src/store_receipt_gateway.rs and the correlated delivery observation, which are outside #899's exclusive scope, and KernelStoreGateway.store is private so no in-scope code can reach the typed error. No open issue owns that path. Options: (a) assignment revision granting the typed StoreError/disposition; (b) keep scope and narrow the diagnostic to what String honestly supports, dropping the unknown/query_failed split; (c) a new Store/Kernel-service issue for the typed error.	https://github.com/UnknownAlienHuman/eliot-memory-os/issues/899#issuecomment-5905675861;https://github.com/UnknownAlienHuman/eliot-memory-os/issues/899#issuecomment-5840829434
946	ESCALATE: no open issue owns the CAS-consumer migration in crates/storage/eliot-blob/src/lib.rs. #946 forbids it, #730 is CLOSED, #864 (the only open holder) excludes CAS and is ordered after #946. Options: (a) grant #946 an explicit named consumer span in eliot-blob/src/lib.rs; (b) open a dedicated consumer-migration issue that both #946 and #864 name as required owner; (c) ship only items 3/4/6/7 now and defer encapsulation, leaving BlobCasRequest's pub fields and I05-27's IDENTITY_CONFLICT evidence caller-forgeable.	https://github.com/UnknownAlienHuman/eliot-memory-os/issues/946#issuecomment-5909180040
958	ESCALATE: the code IS present and substantial (all 18 markers, the durable preparation journal, owner-issued lease/purge/audit evidence, items 1/3/4 of the audit implemented), but checklist A2 is unmet: prepare_isolated_destination creates only a directory and main's own module header says it is not an installation allocated through the installation authority, while from_verified_parts and activate are pub(crate) reachable only from stopped-SCM activation staging — and A13.7 forbids reaching cutover authority from preparation. Secondary: backup_dispatch_prepare has zero call expressions (#962 owns that registration) and the persisted root encoding is lossy while hash_path is lossless. OPTIONS (no issue or doc owns the choice for checklist A2): (a) grant #958 a named installation-authority span so prepare_isolated_destination allocates a real admitted installation instead of a bare directory, satisfying A13.7 without reaching cutover authority from preparation; (b) have the installation owner publish from_verified_parts and activate as a reachable pub(crate) seam outside stopped-SCM staging, leaving #958 read-only on them; (c) record A2 as unmet and keep #958 open. SECONDARY, separately ownable: backup_dispatch_prepare has zero call expressions and its registration belongs to #962; the lossy persisted root encoding versus the lossless hash_path is a distinct defect with no current owner.	https://github.com/UnknownAlienHuman/eliot-memory-os/issues/958#issuecomment-5905786249;https://github.com/UnknownAlienHuman/eliot-memory-os/issues/958#issuecomment-5869004014
973	ESCALATE: main carries the wire reexports but no typed closure-to-promotion edge, and promotion_input::ClosureBinding is an all-pub forgeable struct with no production caller of prepare_promotion_input. Closing it needs edits to promotion_input.rs (frozen to CLOSED #972) and tests/candidate_admission_edge.rs (owned by OPEN #1145), plus a CampaignLearningClosure -> ClosureBinding field mapping that no canonical doc defines. Options: (a) I2.17 ContractChallenge and reassign a producer for promotion_input.rs; (b) declare #972 the wrong/closed owner and open its successor before #973 wires; (c) ship a lib.rs-only derived-binding wrapper now and leave the forgeable bypass on record, which leaves Acceptance 6 and 14 unmet and cannot be claimed complete.	https://github.com/UnknownAlienHuman/eliot-memory-os/issues/973#issuecomment-5943797423;https://github.com/UnknownAlienHuman/eliot-memory-os/issues/973#issuecomment-5873921529
982	ESCALATE: defects 1 and 2 are real and writable (run_console returns the drain result as the console outcome, and a failed launch can arm BOUNDARY_STOP_TERMINAL twice). Defects 3 and 4 are BLOCKED by frozen in-repo contracts #982 may not edit: HOST_TERMINAL_CODE_DISPATCHER_FAILED has no production emitter yet the B-map freezes it as never-a-second-terminal, and B-main-scm-receipts is a digest-pinned structural absence over main.rs 933-1258 with scripts/README.md:59 assigning that validator to #985. Options: (A) keep as-is, delete the constant and correct the B-map prose, which needs host_diagnostics.rs (#889); (B) emit the terminal and add typed projections, which breaks both coverage.toml pins. No doc section owns the choice.	https://github.com/UnknownAlienHuman/eliot-memory-os/issues/982#issuecomment-5910117501;https://github.com/UnknownAlienHuman/eliot-memory-os/issues/982#issuecomment-5841581444
1213	ESCALATE: Work items 1-7 and AC2-AC9 are on main (bounded-reference-fixture disposition, the full #1213 inventory, RenderedControlBoardRow with ten bound fields, the seven non-green states plus Missing, owner-supplied five-domain types), so only W8 remains and it is unmet on BOTH branches. Branch A (wire) is refused at four independent points and branch B (delete) is unowned; both require writes outside #1213's scope, #1187 contradicts deletion while main's own follow_up names an eliotd lane no open issue has, and I02-23:60 requires an owner, an expiry and a removal test while main records neither. OPTIONS (no issue or doc owns the choice): (a) grant #1213 a named span in the four refused wire points so branch A (wire) can be built and W8 closes; (b) open a dedicated deletion issue for branch B and reconcile it against #1187, which contradicts deletion, noting main own follow_up already names an eliotd lane that no open issue has; (c) leave W8 open on record. I02-23:60 requires an owner, an expiry and a removal test, and main records none of the three, so any branch that ships without them violates a canonical section.	https://github.com/UnknownAlienHuman/eliot-memory-os/issues/1213#issuecomment-5936401160;https://github.com/UnknownAlienHuman/eliot-memory-os/issues/1213#issuecomment-5899646849
1233	Four concrete defects are real (closed #13/#15 still in ACTIVE.toml; dead workflow loop; unwired verifier; normative-pair pin mismatch) but every fix needs an unowned decision: which symbol owns the ACTIVE.toml schema once issue sets leave it, what shape the generated owner projection has and who emits it, and whether PROJECT_MAP per-issue rows become generated. No sibling issue claims it; #520 disclaims it. Need one owner decision recorded on the issue.	https://github.com/UnknownAlienHuman/eliot-memory-os/issues/1233;https://github.com/UnknownAlienHuman/eliot-memory-os/issues/520
1267	Work items 1-5 are already on main (PRs #2684/#2856/#2945/#3478/#4586/#4590) and must not be re-implemented. The blocker is an unowned decision: front_door_cutover::gate_legacy_entrypoint fails closed on every arm, so no lawful route reaches run_daemon_instance, and I19.10 mandates the rejection while no doc names a compatibility-daemon carve-out. Needs an owner ruling on which surface may start the daemon, or confirmation it stays refused.	https://github.com/UnknownAlienHuman/eliot-memory-os/issues/1267#issuecomment-5939301526;https://github.com/UnknownAlienHuman/eliot-memory-os/issues/1858
1686	Duplicate ownership, not a dependency: #1686 and #1691 both extend the SAME owner (ShutdownDrainCoordinator in bins/eliot-kernel/src/shutdown_drain.rs), share the same symbols and the same caller, and neither produces an output the other consumes - #1691's 2026-10-02 FAIL lists #1686's same gaps. The one genuine handoff (Kernel DrainCommitDecision to Host journal) is owned by NEITHER - zero DrainCommitDecision hits under bins/eliot-host. The persistence defect was already repaired on main, so the remaining gaps are owner-acknowledged phase effects, the Host adapter, a typed pre-commit wake outcome shutdown() honours, and idle-vs-explicit-shutdown admission. Four options, none decided by any doc: (a) merge #1686 into #1691 for one owner; (b) split by symbol - #1691 phase-order semantics, #1686 idle admission plus cancellation evidence; (c) close as duplicate - blocked by the 2026-09-25 recheck; (d) keep both - rejected as leaving two writers on one file. Also unresolved: the owner-imposed parked:after-osp1 gate was never retracted yet merges landed through 2026-10-01.	https://github.com/UnknownAlienHuman/eliot-memory-os/issues/1686#issuecomment-5825252652;https://github.com/UnknownAlienHuman/eliot-memory-os/issues/1691#issuecomment-5946030042
1703	The validation CONTRACT is fully specified by I10.15 line 114 and the manifest field contract plus route hard-filter-before-rank are already on main and PRESERVE-worthy. The blocker is an unowned producer: an approved, content-addressed recipe/role manifest catalogue with a canonical encoding, digest recomputation, approval/revocation state and an external-bundle signature verifier has no owner in any doc and no claiming open issue - the W1 comment attributes it to #1700, whose own body explicitly disclaims it. Role authority from #1943/#1701 is verified unrelated (AgentActivationResolvedBinding carries no role field). Need one decision naming the catalogue owner.	https://github.com/UnknownAlienHuman/eliot-memory-os/issues/1703;https://github.com/UnknownAlienHuman/eliot-memory-os/issues/1700
1709	All crates/agent producers are already collapsed onto the typed envelope and the into_host_event deletion landed in PR #3140, but the legacy wire is still live on a real production chain (serve_host_events -> reconcile_admitted_event -> reconcile_terminal_host_event) and its consumers read RouteFingerprint, which the typed envelope does not carry - for session-observation lineage the bridge holds no admission reference at all, so no route value exists to move. Three options, each with doc quotes: carry a route field (re-seals host-event-v7 for every producer), move the gate onto an owner-supplied #361/#369 binding, or narrow it to admitted_route_digest and accept permanent ReconcileMismatch. Also flagged: eliot-agent-api/AGENTS.md names crates/eliot-app as a blocking owner but that crate has 0 hits - correct the doc.	https://github.com/UnknownAlienHuman/eliot-memory-os/issues/1709#issuecomment-5851734739;https://github.com/UnknownAlienHuman/eliot-memory-os/pull/3140
1720	The 2026-10-02 audit FAILs it on three things no issue or doc owns: (1) where the canonical decision registry lives - crate_extraction_decisions.toml is the script's policy denominator while crates/eliot-app/src/disposition.rs classifies it as reference_only:audit_fixture, and I2.23 fixes only the record shape; (2) a mandatory enforcement owner - crate_reachability_inventory.py appears in ZERO gates, so an unclassified orphan cannot fail a merge; (3) an activation-profile/bounds policy issuer - MISSING-CONTRACT I12-07-cue-index.md, and eliotd invents DIRECT_STRENGTH/MAX_DIRECT_HITS/etc locally and calls ActivationProfile::seal itself. The 33-row registry and the script are PRESERVE. Do not schedule a whole-subsystem wiring card.	https://github.com/UnknownAlienHuman/eliot-memory-os/issues/1720#issuecomment-5946782559;https://github.com/UnknownAlienHuman/eliot-memory-os/issues/1720#issuecomment-5825260442
1753	All four I1.2-forbidden classes (SurrealDB SDK, MCP, HTTP UI, model clients) are ALREADY ABSENT from the Host closure, and every MUST-own surface is correctly held and PRESERVE. PR #3396 already moved the notification declaration renderer into eliot-notify-core; the residue is ONE edge: bins/eliot-host/Cargo.toml:19 depends on eliot-notify purely for two symbols (NOTIFY_IMAGE_FILE_NAME, register_watchdog_fallback_task) serving installer-invoked interactive setup, and eliot-notify drags eliot-cli + eliot-config into the always-linked SCM service. Three unowned rulings block the small code delta: which package owns those two symbols after the edge drops; which package owns register_notify_fallback, which is crate:: internal to eliot-host and coupled to the Phase-B publisher; and whether issue 1753 may extend the [[runtime_root]] eliot-host rule, which is serialized under issue 14. Do not add the forbidden names while the edge exists - that converts a tracked gap into a red audit.	https://github.com/UnknownAlienHuman/eliot-memory-os/issues/1753#issuecomment-5825262542;https://github.com/UnknownAlienHuman/eliot-memory-os/pull/3396
1759	The body 2026-09-25 correction is VERIFIED: eliot-problem already defines Problem with every I13.9 field, the single-writer Ownership fence (AuthenticatedOwnerLease has private fields on purpose - naming yourself the owner is not ownership), epoch monotonicity, StaleOwnerLoss, the nine-verb ApplyProblemOwnerState wire with re-derived digests, committed readback, and Incident::promote whose PromotionAuthority type has NO model variant, so I13.10 is enforced by the type. All three items are unreachable, and the blocker is a design decision no doc or issue owns: there is NO production OwnerLeaseIssuer (the only impl is in cfg(test), and OwnerLeaseLoss is gated on the same trait), so Problem::new/assign_owner/record_owner_loss and every CriticalAttention entry cannot be constructed; commit_problem_owner_transition has no caller anywhere; Incident has no constructor. I13.8 names roles, not a lease issuer - that gap is the escalation.	https://github.com/UnknownAlienHuman/eliot-memory-os/issues/1759;https://github.com/UnknownAlienHuman/eliot-memory-os/blob/main/docs/architecture/I13-09-problem-registry.md
1764	The issue's Code-today section is FALSE against main and must not be re-implemented: AllowedReferenceManifest exists with all eight I21.7 field groups plus seal/validate/canonical_digest, the pre-promotion firewall is LIVE (manifest re-proved as the first statement of InquiryGovernance::record, refusal at SourcePortfolio::assemble via if !record.is_admitted_to, refused text retained as trusted:false), and the shared classify_locator, PrecisionKind::Symbol and check_precision are on main. A second same-named Dreamer grounding manifest exists on purpose - the code doc forbids creating, merging or deleting either. What remains is the export/packing half: GovernedExchange::export has ZERO production callers because main.rs binds the exchange to _exchange and drops it, and every producible manifest declares expansion_routes empty so export denies first. ESCALATION (the owner escalated it himself in the 2026-10-02 audit): no doc names which crate owns normalising provider output into a typed ResearchEvidenceBundle, nor which runtime route issues the export - and the manifest producer is measured as NOT in this repository.	https://github.com/UnknownAlienHuman/eliot-memory-os/issues/1764#issuecomment-5943893711;https://github.com/UnknownAlienHuman/eliot-memory-os/issues/1764#issuecomment-5844341590
1781	ESCALATE on one unowned fact, with the other half bounded. (a) READY-shaped but not scheduled here: the Watchdog fallback key record Eliot/watchdog/watchdog-fallback-key.json has NO producer anywhere, so ProtectedFallbackKeyBinding::load always fails and publish_control_loss_fallback_best_effort logs KEY_BINDING_UNAVAILABLE on every control loss - writing that four-field record from the existing installer setup (bins/eliot-host/src/notify_fallback_setup.rs, refusing on Ed25519 derivation mismatch against the pinned watchdog-verification.json and refusing to rotate) is bounded work. (b) BLOCKED on an owner decision: nothing anywhere emits a notify_deliver request line to the broker, so the normal delivery leg has no initiator - MISSING-CONTRACT docs/architecture/I11-06-windows-notifications.md#i116 names the hop and the permission but not its initiator, and I01-03 rules the broker out (owns no canonical state, scheduler, route policy or durable attempt journal). Options: (a) eliotd, which owns canonical notification creation but has no broker transport; (b) the Kernel front door, which owns notify_launch_grant_operation but has no delivery operation in USER_BROKER_FRONT_DOOR_OPERATIONS; (c) the WinUI Operator client, which owns the authenticated broker pipe but whose surface is closed to OperatorChallenge/RedeemOperatorHandoff only. Do not add a Serialize derive or request writer to bins/eliot-user-broker, and do not add any Host/Kernel call path to NotificationPort or Shell_NotifyIconW. W6 is fully satisfied on main and must not be rescheduled.	https://github.com/UnknownAlienHuman/eliot-memory-os/issues/1781;https://github.com/UnknownAlienHuman/eliot-memory-os/issues/1781#issuecomment-5892107731;https://github.com/UnknownAlienHuman/eliot-memory-os/issues/1781#issuecomment-5882639145
1785	Owner decision needed on one fact no doc or issue supplies: what Visibility/PrivacyClass (and Attribution) an owner-issued anchored-review obligation carries when it enters CanonicalState.reviews / CanonicalState.provenance. The producer-owner-projection-consumer path is intact and merged (#4119, #4667, #4679, #4828, #4890); the break is exactly one hop - bins/eliotd/src/controlboard_adapters.rs::GovernorCanonicalState::read still returns reviews: Vec::new(), provenance: Vec::new(), and the frozen projection module states outright that no ControlBoard DTO can be filled from the owner DTO yet. Options: (a) Public/Public, supported by I10.18 public-artifact wording and by the only live binding (from_kernel_owner_facts admits exactly PrivacyClass::Public), but it makes every review public by inference and never discloses non-public ones; (b) extend AnchoredReview to retain privacy_class/visibility per I5.16 required durable fields - honest but a new owner fact #1823 has not specified, and it must land in peer_communication.rs on top of #1823 commit 3739661e8; (c) keep batches owner-issued only and never enter CanonicalState, leaving the issue permanently open. Do not guess PrivacyClass::Public into CanonicalState: the wrong guess silently widens disclosure for every reader. Do not extend the frozen eliot-controlboard crate (#1213). Seams: #1823, #1187 (its AUD-C02-B residual is this same triple), #1213, #1778.	https://github.com/UnknownAlienHuman/eliot-memory-os/issues/1785;https://github.com/UnknownAlienHuman/eliot-memory-os/issues/1785#issuecomment-5929294774;https://github.com/UnknownAlienHuman/eliot-memory-os/issues/1785#issuecomment-5927564686
1788	Escalate the one unowned decision - name the admitted authority that supplies candidate_privacy/privacy_boundary/policy for a candidate root and issues the durable DiscoveryReadLease-owner ScanDisclosureOwnerBinding - before any further #1788 wiring, since bins/eliotd/src/task_binding_admission.rs::observe_cold_start_discovery hardcodes all three to None and bins/eliot-kernel/src/scan_disclosure_route.rs::issue_scan_disclosure_binding refuses with PlanGap.	https://github.com/UnknownAlienHuman/eliot-memory-os/issues/1788;https://github.com/UnknownAlienHuman/eliot-memory-os/issues/1788#issuecomment-5946562166;https://github.com/UnknownAlienHuman/eliot-memory-os/issues/1788#issuecomment-5844137993;https://github.com/UnknownAlienHuman/eliot-memory-os/issues/1788#issuecomment-5845230632;https://github.com/UnknownAlienHuman/eliot-memory-os/issues/1788#issuecomment-5848234199;https://github.com/UnknownAlienHuman/eliot-memory-os/issues/1788#issuecomment-5824971929
1792	Decide and record which owner holds the finite admitted ModuleContract set the Kernel resolves eliot_runtime_contracts::resolve_required_capability_graph over, then wire module_graph/generation_readiness/module_lifecycle_order into the StartupCoordinator step-9 gate.	https://github.com/UnknownAlienHuman/eliot-memory-os/issues/1792;https://github.com/UnknownAlienHuman/eliot-memory-os/issues/1792#issuecomment-5795045466;https://github.com/UnknownAlienHuman/eliot-memory-os/issues/1792#issuecomment-5825273849;https://github.com/UnknownAlienHuman/eliot-memory-os/issues/1792#issuecomment-5862503416;https://github.com/UnknownAlienHuman/eliot-memory-os/issues/1792#issuecomment-5888278959;https://github.com/UnknownAlienHuman/eliot-memory-os/issues/1792#issuecomment-5924586549
1824	Owner decision needed on one unowned fork before any code: who owns the Kernel to Governor observation transport. AUD1, AUD3(kernel half), AUD4, AUD5 and the PollReconcile honesty fix are all repaired on main and must be preserved byte-for-byte, and both GovernorComposition::ingest_kernel_change_transfer and ::resolve_anchored_review already exist complete but uncalled. The two halves cannot be joined as written: ObservationTransferDocument exports TransferredPendingHint (no state_fence, no before/after snapshot, no content reads, no Git receipts) while ingest_kernel_change_transfer takes a single KernelHintReadback requiring all of them plus two independent content reads - and ChangeMonitor::confirm_kernel_readback explicitly forbids deserializing a transport payload into KernelHintReadback. Options: (a) extend the document to carry full readback and add a Governor entry admitting the whole document - directly contradicted by confirm_kernel_readback; (b) add a live-call seam in bins/eliotd, which already declares eliot-governor.workspace = true so the obstacle stated at change_monitor.rs:1798 does not hold for eliotd, letting the Governor re-observe for itself; (c) add the Store owner mutation for ChangeMonitor::snapshot() that ingest_kernel_change_transfer itself names - the route the code recommends, but it needs a new named Store operation outside this issue owner. Record the decision against I10.21:52 before dispatch.	https://github.com/UnknownAlienHuman/eliot-memory-os/issues/1824;https://github.com/UnknownAlienHuman/eliot-memory-os/issues/1824#issuecomment-5910747803;https://github.com/UnknownAlienHuman/eliot-memory-os/issues/1824#issuecomment-5927747947
1826	Root must name by scoped amendment the component that hosts ProfessionalExecutionState::worker_packet and ProfessionalExecutionContract::redact_evaluator_only_references, because bins/eliot-kernel (the only component the issue Scope-and-owner names) reaches neither eliot-task nor eliot-governor; items 1-3 below are dispatchable now, item 5 is not.	https://github.com/UnknownAlienHuman/eliot-memory-os/issues/1826;https://github.com/UnknownAlienHuman/eliot-memory-os/issues/1826#issuecomment-5940292247;https://github.com/UnknownAlienHuman/eliot-memory-os/issues/1826#issuecomment-5854023580
1834	Owner decision required before any writer claim: choose the canonical privileged-provider-transport policy + receipt owner, because bins/eliotd has zero network I/O while main's only physical provider transport (opencode LoopbackHttpClient) lives in the ROUTES.md:31 agent-swarm domain this issue's Scope never names.	https://github.com/UnknownAlienHuman/eliot-memory-os/issues/1834;https://github.com/UnknownAlienHuman/eliot-memory-os/issues/1834#issuecomment-5943940101;https://github.com/UnknownAlienHuman/eliot-memory-os/issues/1834#issuecomment-5825286495
1841	Owner decision needed on the OpenMetrics scrape bind source, and separately on the finish/verifier metric producer. I16.2 names the exporter but not the address, path or default-on policy, and bins/eliot-kernel/src/main.rs::observability_config records that no canonical bind address exists; KernelConfig::with_metrics_listen has no caller so every running install is MetricsEndpoint::Absent. Options: (a) admit an operator-supplied loopback address through the existing unused with_metrics_listen seam and keep the default None - keeps current doctrine but exposes no endpoint by default; (b) define a canonical loopback default in I16.2 and bind it - satisfies A1 literally but adds a listener the docs do not authorize; (c) serve the exposition on an existing authenticated Kernel surface, which requires naming that surface owner. Separately metric_groups.rs::record_verifier_coverage has no producer and eliotd record_finish_refusal records only FinishOutcome::Refuted, so A2 is half unmet. Nothing in the issue Work paragraph may be re-created: schema, exporter, bounded-label policy and both binaries wiring are on main.	https://github.com/UnknownAlienHuman/eliot-memory-os/issues/1841;https://github.com/UnknownAlienHuman/eliot-memory-os/issues/1841#issuecomment-5856979823;https://github.com/UnknownAlienHuman/eliot-memory-os/issues/1841#issuecomment-5872795793
1849	"Obtain a root decision naming the one durable I16.13 influence owner — crates/instrument/eliot-observability/src/influence.rs::InfluenceLedger (correct semantics, zero callers, self-declared ""not a durable audit receipt"") vs the already-Store-durable crates/eliot-engine/src/cognition.rs::CognitiveMemoryWriter::write_memory_influence_trace (caller crates/eliot-app/src/mcp_stdio/task_handlers.rs::dispatch_memory_influence_trace) vs bins/eliot-kernel/src/kernel_audit.rs::KernelAuditChain (closed AuditEventKind::ALL) — and record it canonically before any edit."	https://github.com/UnknownAlienHuman/eliot-memory-os/issues/1849;https://github.com/UnknownAlienHuman/eliot-memory-os/issues/1849#issuecomment-5927196890;https://github.com/UnknownAlienHuman/eliot-memory-os/issues/1849#issuecomment-5853097871
1882	ESCALATE - near-close, not a worker card. Every Work item W1-W6 and acceptance item A1/A2 is code-complete and production-reachable on main (SkillCatalogueEntry, install_package drift marks, SkillIndexEntry budgets, HotsetDeliveryReceipt/HotsetDeliveryAck::confirms_applied, check_no_authority_claim, PromotionGate::is_shared_or_critical, activation_display/resolve_activation_chain, DaemonComposition::skill_reconcile_tool_basis plus merged PR #4850 canonical_tools::mark_standing_against_observed_source). The single code gap is the dependency-set and host/profile legs of the staleness sweep: SkillCatalogue::reconcile_staleness is undriven and activation_display_against has no caller, both needing a LiveSkillWorld producer that no code path and no doc section owns. Options: (a) a new cross-process host-identity readback owned by the Host adapter conformance lane (#1937 / I7.22), but nothing binds that fingerprint to LiveSkillWorld::live_host_version and bins/eliotd cannot see crates/eliot-app; (b) accept the full-world sweep as deferred, since I7.13:32 is already served per-leg by skill_reconcile_tool_basis + acknowledge_and_display_versioned + canonical_tools::install_package_versioned; (c) authorize eliotd to depend on a host-version producer - forbidden by bins/AGENTS.md composition-binary rule. Do not touch crates/governor/eliot-skill/** or bins/eliotd/src/skill_*.rs, do not synthesize LiveSkillWorld from entry pins or a cached value, do not add a timer/startup/refresh sweep, and do not re-run the refuted claim that admit_material_attempt has no caller. A3/A4 runtime observation and catalogue durability across restart (SkillCatalogue is an in-memory Arc<Mutex<..>> projection) stay TEST-PHASE/deferred.	https://github.com/UnknownAlienHuman/eliot-memory-os/issues/1882;https://github.com/UnknownAlienHuman/eliot-memory-os/issues/1882#issuecomment-5928375353;https://github.com/UnknownAlienHuman/eliot-memory-os/issues/1882#issuecomment-5844138142
1886	Escalate: decide who owns durable reactive-context delivery/ack state. Three candidates (Kernel/ORS per I01.9, the bridge per #1942 and draft #2369, or a reduced Host queue) and no doc picks one.	https://github.com/UnknownAlienHuman/eliot-memory-os/issues/1886#issuecomment-5944688876;https://github.com/UnknownAlienHuman/eliot-memory-os/pull/2369
1891	Escalate: decide who owns the per-capability seven-dimension health projection and with what identity. I01.09 assigns the registry to Governor, but the owner has no health dimension and the consumer is a negative block list.	https://github.com/UnknownAlienHuman/eliot-memory-os/issues/1891#issuecomment-5943145131;https://github.com/UnknownAlienHuman/eliot-memory-os/blob/b7e9e334569639a6290baeacf82bf44941def506/docs/architecture/I01-09-three-registries-three-owners.md
1894	Escalate: is the per-cell proof entrypoint derived from Cargo metadata (I02-20) or declared in package metadata (I02-23)? No section picks one. 99 of 118 cells report UNDECLARED - a registry defect, not a missing generator.	https://github.com/UnknownAlienHuman/eliot-memory-os/issues/1894#issuecomment-5924848350;https://github.com/UnknownAlienHuman/eliot-memory-os/blob/b7e9e334569639a6290baeacf82bf44941def506/docs/architecture/I02-23-capability-family-topology-and-crate-extraction-decisions.md
1897	Escalate: the lane selects SharedNonIncremental but I02.22 defines that mode as shared-across-worktrees under an exact fingerprint, while CARGO_HOME==CARGO_TARGET_DIR keeps the worktree segment and sccache appears nowhere in the three files.	https://github.com/UnknownAlienHuman/eliot-memory-os/issues/1897#issuecomment-5910637761;https://github.com/UnknownAlienHuman/eliot-memory-os/blob/b7e9e334569639a6290baeacf82bf44941def506/docs/architecture/I02-22-parallel-build-cache-artifact-and-environment-lanes.md
1898	Escalate: the cache owner is undecided and the location is architecturally closed - eliot-engine is in forbidden_exact at 14 runtime roots so GovernedBuildRuntime can never be built by a shipped binary. eliot-lsp-bridge has no workspace consumer at all.	https://github.com/UnknownAlienHuman/eliot-memory-os/issues/1898#issuecomment-5899156921;https://github.com/UnknownAlienHuman/eliot-memory-os/blob/b7e9e334569639a6290baeacf82bf44941def506/tests/release-security/build-sandbox-cache-tests.ps1
1908	Escalate the durable surface: own NamedMutationOperation row or ride ApplyProblemOwnerState? No doc decides it. Zero producers, expire never reads escalation_target, NextBoundaryPending unread.	https://github.com/UnknownAlienHuman/eliot-memory-os/issues/1908#issuecomment-5954684614;https://github.com/UnknownAlienHuman/eliot-memory-os/blob/b7e9e334569639a6290baeacf82bf44941def506/crates/governor/eliot-problem/src/lib.rs
1909	Escalate: name the authority allowed to author each conformance row's owner/mechanism/failure_behavior for the six ARCH anchors, and the durable store surface for SystemSelfModel. Schema is complete; producer, persistence and consumer are all missing.	https://github.com/UnknownAlienHuman/eliot-memory-os/issues/1909#issuecomment-5855150903;https://github.com/UnknownAlienHuman/eliot-memory-os/blob/b7e9e334569639a6290baeacf82bf44941def506/crates/storage/eliot-store-api/src/architecture_self_model.rs
1913	Escalate the per-package execution-boundary choice (resolver capsule input vs hoisting the launch path into the library). CARVE-OUT: two one-file corpus-reader defects in dev_crate_check.rs are verified unblocked and dispatchable now.	https://github.com/UnknownAlienHuman/eliot-memory-os/issues/1913#issuecomment-5942270828;https://github.com/UnknownAlienHuman/eliot-memory-os/blob/b7e9e334569639a6290baeacf82bf44941def506/docs/architecture/I18-33-crate-fleet-build-and-verification-economics.md
1917	Escalate the durable owner for the content-addressed Failure Capsule. No record type exists (only an enum discriminant and a directive kind) and kernel_audit.rs disclaims authority, so the record cannot be created in the observational audit chain.	https://github.com/UnknownAlienHuman/eliot-memory-os/issues/1917#issuecomment-5795089490;https://github.com/UnknownAlienHuman/eliot-memory-os/blob/b7e9e334569639a6290baeacf82bf44941def506/docs/architecture/I16-18-wait-for-graph-and-failure-capsule.md
1924	Escalate: which cell admits the Dreamer advice change-control lifecycle, and may the folded-prose key carry blocking power? disposition.module.toml records current_owner = none admitted, so a wiring writer would mint authority.	https://github.com/UnknownAlienHuman/eliot-memory-os/issues/1924#issuecomment-5825364825;https://github.com/UnknownAlienHuman/eliot-memory-os/blob/b7e9e334569639a6290baeacf82bf44941def506/crates/smart/eliot-dreamer-core/src/advice_gate.rs
1947	One bounded ContractChallenge: which of the two competing MemoryAdmissionDecision types is canonical? I12-26 requires six named outcomes; the seven-variant type has 30 call sites while the six-variant type claims the name and has no runtime consumer.	https://github.com/UnknownAlienHuman/eliot-memory-os/issues/1947#issuecomment-5846639273;https://github.com/UnknownAlienHuman/eliot-memory-os/blob/b7e9e334569639a6290baeacf82bf44941def506/crates/eliot-types/src/cognition.rs
1971	Escalate: two incompatible artifact identities in one crate - ModuleArtifactIdentity (wired, I14-14-conformant) vs VersionedArtifactRegistry (uncalled, generation-addressed path). Neither the launcher nor the status endpoint is named. Must be answered before #1950/#1952 use either family.	https://github.com/UnknownAlienHuman/eliot-memory-os/issues/1971#issuecomment-5939864582;https://github.com/UnknownAlienHuman/eliot-memory-os/blob/b7e9e334569639a6290baeacf82bf44941def506/crates/kernel/eliot-ors/src/cutover_ownership.rs
2384	Escalate one bounded decision: which production boundary the I18.20 ladder binds. (a) verifier::plan fits the doc but has zero production callers, reproducing the callerless-API defect that refuted #2385 three times; (b) evaluate_current is live but replacing planning logic is forbidden. Item 5 is already PRESERVE.	https://github.com/UnknownAlienHuman/eliot-memory-os/issues/2384#issuecomment-5825331597;https://github.com/UnknownAlienHuman/eliot-memory-os/blob/b7e9e334569639a6290baeacf82bf44941def506/docs/architecture/I18-20-test-strength-escalation.md
2862	FEEDBACK ESCALATE #2862: decide which admitted component mints and serves an ArtifactId-backed BackupArtifactHandle for a whole ECXF archive, and which channel binds BackupRole::Verifier, before any code is dispatched; items 1, 2, 4, 6, 7, 9, 10 and 11 are already on main and must not be re-scheduled	https://github.com/UnknownAlienHuman/eliot-memory-os/issues/2862;https://github.com/UnknownAlienHuman/eliot-memory-os/issues/2862#issuecomment-5855104606;https://github.com/UnknownAlienHuman/eliot-memory-os/issues/2862#issuecomment-5881422266;https://github.com/UnknownAlienHuman/eliot-memory-os/issues/2862#issuecomment-5882926069;https://github.com/UnknownAlienHuman/eliot-memory-os/issues/2862#issuecomment-5889206634;https://github.com/UnknownAlienHuman/eliot-memory-os/issues/2862#issuecomment-5930302218
2868	Decide which durable owner retains a per-generation committed activation fence readable by generation, then add that owner-side reader before any effect-side change	https://github.com/UnknownAlienHuman/eliot-memory-os/issues/2868;https://github.com/UnknownAlienHuman/eliot-memory-os/issues/2868#issuecomment-5918678898;https://github.com/UnknownAlienHuman/eliot-memory-os/issues/2868#issuecomment-5849148272;https://github.com/UnknownAlienHuman/eliot-memory-os/issues/2868#issuecomment-5845543997
2884	Route #2884 to its owner to decide who supplies the ORS backup page capture instant, because only that decision can satisfy the still-refuted A4 byte-identity acceptance item.	https://github.com/UnknownAlienHuman/eliot-memory-os/issues/2884;https://github.com/UnknownAlienHuman/eliot-memory-os/issues/2884#issuecomment-5846769967;https://github.com/UnknownAlienHuman/eliot-memory-os/issues/2884#issuecomment-5848942220;https://github.com/UnknownAlienHuman/eliot-memory-os/issues/2884#issuecomment-5938801780
2901	Obtain an owner decision in #41 on how the Governor delivers the typed CC-004 projection set and the 24 stage-owner records across the process boundary to eliot-dreamer, then land the first present OrientationSupply producer; do not re-schedule steps 1-16, all of which are already on main.	https://github.com/UnknownAlienHuman/eliot-memory-os/issues/2901;https://github.com/UnknownAlienHuman/eliot-memory-os/issues/2901#issuecomment-5849184880;https://github.com/UnknownAlienHuman/eliot-memory-os/issues/2901#issuecomment-5849249500;https://github.com/UnknownAlienHuman/eliot-memory-os/issues/2901#issuecomment-5909293898;https://github.com/UnknownAlienHuman/eliot-memory-os/issues/41#issuecomment-5848772228
2968	FEEDBACK ESCALATE #2968 — root owner must name the identity and owner-pinned ref that admits the `retirement-approval` issuer (nothing in the repo or docs/architecture does: `admitted_issuers: []`, no v3 policy/anchor/owner-decision artifact, no signing primitive); the C-vs-D owner-decision contradiction, the finalizer's unexecuted issuer readback and the unpinned executing verifier are dispatchable once that answer exists.	https://github.com/UnknownAlienHuman/eliot-memory-os/issues/2968;https://github.com/UnknownAlienHuman/eliot-memory-os/issues/2968#issuecomment-5918050095;https://github.com/UnknownAlienHuman/eliot-memory-os/issues/2968#issuecomment-5927574274
2989	Root decides which content-addressed handle is the retained raw evidence for a review document nested inside a validated Antigravity transport envelope, then dispatch the one-seam repair that makes the strict ingress decode the review-document bytes instead of the envelope.	https://github.com/UnknownAlienHuman/eliot-memory-os/issues/2989;https://github.com/UnknownAlienHuman/eliot-memory-os/issues/2989#issuecomment-5917765052;https://github.com/UnknownAlienHuman/eliot-memory-os/issues/2989#issuecomment-5946026608;https://github.com/UnknownAlienHuman/eliot-memory-os/issues/2989#issuecomment-5849751130;https://github.com/UnknownAlienHuman/eliot-memory-os/issues/2989#issuecomment-5920863300
