issue	state	review_depth	checked_sha	manager	next_action	evidence_ref
11	RECHECK	HISTORICAL			Closed tracker state does not prove runtime acceptance for a new product identity.	https://github.com/UnknownAlienHuman/eliot-memory-os/issues/11;BLOCK-MAP.tsv
64	RECHECK	HISTORICAL			Verify #1795 residual; do not redo W1/W2/W4/W5/W7 from the historical correction.	https://github.com/UnknownAlienHuman/eliot-memory-os/issues/64;BLOCK-MAP.tsv
204	RECHECK	HISTORICAL			Separate #203 source output from candidate-bound Windows proof; closed #11 is not a future dependency.	https://github.com/UnknownAlienHuman/eliot-memory-os/issues/204;BLOCK-MAP.tsv
238	RECHECK	HISTORICAL			Preserve #1720 package integration; distinguish test entrypoints from unspecified Context-cell ownership.	https://github.com/UnknownAlienHuman/eliot-memory-os/issues/238;BLOCK-MAP.tsv
332	RECHECK	HISTORICAL			Separate non-Windows layout decision from #2898 ingress; do not invent an installation path.	https://github.com/UnknownAlienHuman/eliot-memory-os/issues/332;BLOCK-MAP.tsv
686	RECHECK	SOURCE_SUBSET	b7e9e334569639a6290baeacf82bf44941def506	ROOT	PR #3058 materializer initializes only five old fields; current RecordedRevocation is V2. Reconcile the unmatched residual with #5020 and real producer coordinates; no default provenance or restoration of V1. This is one-file/PR inspection, not full issue acceptance.	https://github.com/UnknownAlienHuman/eliot-memory-os/pull/3058#pullrequestreview-5398880483;https://github.com/UnknownAlienHuman/eliot-memory-os/blob/b7e9e334569639a6290baeacf82bf44941def506/crates/storage/eliot-store-api/src/revocation_history.rs
818	RECHECK	SOURCE_SUBSET	b7e9e334569639a6290baeacf82bf44941def506	ROOT	Reopened: the existing assignment oracle defaults missing coverage to complete, misses exclusive scopes and unstarted overlaps, conflates dependency with serialization, miscounts matrices and omits input identity from its result digest. Repair the existing owner; its READY is not dispatch clearance. Extracted-decision probes only; no full CLI run.	https://github.com/UnknownAlienHuman/eliot-memory-os/issues/818#issuecomment-5966026795
956	RECHECK	HISTORICAL			Its own finite fixtures are not an external blocker; verify actual publication/purge ports.	https://github.com/UnknownAlienHuman/eliot-memory-os/issues/956;BLOCK-MAP.tsv
1115	RECHECK	HISTORICAL			Recheck #5016 source separately from post-assembly acceptance.	https://github.com/UnknownAlienHuman/eliot-memory-os/issues/1115;BLOCK-MAP.tsv
1352	RECHECK	HISTORICAL			Separate the already reported build from current SCM/product proof.	https://github.com/UnknownAlienHuman/eliot-memory-os/issues/1352;BLOCK-MAP.tsv
1678	RECHECK	SOURCE_AND_DISCUSSION	b7e9e334569639a6290baeacf82bf44941def506	ROOT	The async admission_reservation_saga.rs coordinator already exists. Verify the actual producer/receipt join; do not create another coordinator.	https://github.com/UnknownAlienHuman/eliot-memory-os/issues/1678#issuecomment-5963622142
1701	RECHECK	SOURCE_AND_DISCUSSION	b7e9e334569639a6290baeacf82bf44941def506	ROOT	Preserve the existing admit/activate saga and worker unknown-outcome repair. Before dispatch, freeze an owner-backed stage result, daemon authenticated admit/activate projection, durable dispatch-egress operation and accepted async composition boundary; synchronous Fabric unit ports cannot mint or copy these. No broad eliotd/Kernel claim.	https://github.com/UnknownAlienHuman/eliot-memory-os/issues/1701#issuecomment-5964151198
1756	RECHECK	HISTORICAL			Do not redo W2; identify owners of competent-coverage producers outside this issue.	https://github.com/UnknownAlienHuman/eliot-memory-os/issues/1756;BLOCK-MAP.tsv
1794	RECHECK	SOURCE_SUBSET	b7e9e334569639a6290baeacf82bf44941def506	ROOT	Preserve MechanicalAuthoritySubset, Governor owner compilation and Kernel activation/revocation. They do not yet expose the owner-issued role assignment/transition plus IndependenceProfile output #1943 needs; do not treat a generic activated grant as role-transition proof or wait for all #1794 tests.	https://github.com/UnknownAlienHuman/eliot-memory-os/issues/1794;https://github.com/UnknownAlienHuman/eliot-memory-os/pull/3574;https://github.com/UnknownAlienHuman/eliot-memory-os/pull/4004
1838	RECHECK	HISTORICAL			Recheck #5015 replay reader and evidence ceiling before assigning new implementation.	https://github.com/UnknownAlienHuman/eliot-memory-os/issues/1838;BLOCK-MAP.tsv
1844	RECHECK	HISTORICAL			Separate diagnostic dispatch from genuinely unspecified R2 event vocabulary.	https://github.com/UnknownAlienHuman/eliot-memory-os/issues/1844;BLOCK-MAP.tsv
1875	RECHECK	HISTORICAL			The historical t- cell is corrupt, not an established dependency.	https://github.com/UnknownAlienHuman/eliot-memory-os/issues/1875;BLOCK-MAP.tsv
1876	RECHECK	HISTORICAL			Discard t-; verify capability-registry output attributed to #1773 separately.	https://github.com/UnknownAlienHuman/eliot-memory-os/issues/1876;BLOCK-MAP.tsv
1884	RECHECK	HISTORICAL			Recheck #5019; do not revive the archived duplicate CPU-rate mechanism.	https://github.com/UnknownAlienHuman/eliot-memory-os/issues/1884;BLOCK-MAP.tsv
1888	RECHECK	HISTORICAL			Reuse merged CPU-rate support; isolate this issue from the mixed archived CB branch.	https://github.com/UnknownAlienHuman/eliot-memory-os/issues/1888;BLOCK-MAP.tsv
1937	RECHECK	HISTORICAL			Discard t-; check host-conformance callers and evidence-tier behavior.	https://github.com/UnknownAlienHuman/eliot-memory-os/issues/1937;BLOCK-MAP.tsv
1943	RECHECK	SOURCE_AND_DISCUSSION	b7e9e334569639a6290baeacf82bf44941def506	ROOT	Do not wire caller-built role_lease policy into activation. First require the canonical owner output: role assignment/transition, narrowed operations, GovernanceProfile/fence/lease binding, prior-context revocation, explicit verifier downgrade, source commitment and Kernel activation receipt. Then claim only the exact session/enforcement consumers.	https://github.com/UnknownAlienHuman/eliot-memory-os/issues/1943#issuecomment-5963619581
1961	RECHECK	HISTORICAL			Discard t-; recheck the reported existing outcomes.record caller before reimplementation.	https://github.com/UnknownAlienHuman/eliot-memory-os/issues/1961;BLOCK-MAP.tsv
1968	RECHECK	HISTORICAL			Repair the I1.12 reference; verify pair/Blob-generation ownership and preserved work.	https://github.com/UnknownAlienHuman/eliot-memory-os/issues/1968;BLOCK-MAP.tsv
1969	RECHECK	HISTORICAL			I5.2 already permits a co-located Blob owner; verify the remaining capture_on_demand caller.	https://github.com/UnknownAlienHuman/eliot-memory-os/issues/1969;BLOCK-MAP.tsv
2386	RECHECK	HISTORICAL			Verify explicit owner parking; closed #11/#1955 cannot be future close dependencies.	https://github.com/UnknownAlienHuman/eliot-memory-os/issues/2386;BLOCK-MAP.tsv
2643	READY	SOURCE_AND_DISCUSSION	b7e9e334569639a6290baeacf82bf44941def506	M-OPERATOR	Fix only the closed get_context nonce/business-digest validation split in the two PLAN files. Keep the client guard, business key/fence binding and withheld legacy recovery. Existing UI/journal/Rust consumers remain read-only; acceptance is separate.	https://github.com/UnknownAlienHuman/eliot-memory-os/issues/2643#issuecomment-5964149245
2645	RECHECK	HISTORICAL			Existing PhysicalRouteObservationReceipt producers are not a missing contract; inspect the consumer.	https://github.com/UnknownAlienHuman/eliot-memory-os/issues/2645;BLOCK-MAP.tsv
2691	READY	SOURCE_AND_DISCUSSION	b7e9e334569639a6290baeacf82bf44941def506	M-STORE	Complete supervised no-client expiry and budget diagnostics in five exact PLAN files. #3811/#3812 apply files are outside scope; all #3869 hunks in the three shared bin files are already in main. Preserve #2688/#2689 and check actual live writers; no whole-PR merge wait.	https://github.com/UnknownAlienHuman/eliot-memory-os/issues/2691#issuecomment-5963617714
2701	READY	SOURCE_AND_DISCUSSION	b7e9e334569639a6290baeacf82bf44941def506	M-TOOLS	Repair the full existing audit 5908785311 items 1-7 and preserve item 9, not only counts/required keys. Extracted current validator accepts malformed input; this is not a repository CLI run.	https://github.com/UnknownAlienHuman/eliot-memory-os/issues/2701#issuecomment-5963910318
2705	RECHECK	HISTORICAL			Testd ownership is named; locate actual executor/evaluator invocation and evidence supply.	https://github.com/UnknownAlienHuman/eliot-memory-os/issues/2705;BLOCK-MAP.tsv
2882	RECHECK	HISTORICAL			Separate specified typed-detail projection in part 4 from the part-5 decision.	https://github.com/UnknownAlienHuman/eliot-memory-os/issues/2882;BLOCK-MAP.tsv
3980	READY	SOURCE_AND_DISCUSSION	b7e9e334569639a6290baeacf82bf44941def506	M-LEGACY	Add one complete literal-loopback endpoint/bind validator and connect loader, supervisor and RPC pre-effect checks in four existing files. Preserve reserved Store isolation; do not echo rejected URI secrets. No legacy retirement prerequisite, dependency or modern Store rewrite.	https://github.com/UnknownAlienHuman/eliot-memory-os/issues/3980
4644	PRESERVE	SOURCE_AND_DISCUSSION	b7e9e334569639a6290baeacf82bf44941def506		Closed issue: the fresh owned Store already seeds table_elements=Some(0). Do not repeat that repair or reopen solely because this audit did not rerun tests. The closure evidence remains attributed to its original run; no new parent/Product acceptance.	https://github.com/UnknownAlienHuman/eliot-memory-os/issues/4644#issuecomment-5949006584;https://github.com/UnknownAlienHuman/eliot-memory-os/blob/b7e9e334569639a6290baeacf82bf44941def506/bins/eliot-wasm-host/src/wasmtime_provider.rs#L486-L510
